"stm_topic","stm_topic_label","term_type","term"
"T1","Image-based urban modelling","prob","model"
"T1","Image-based urban modelling","prob","imag"
"T1","Image-based urban modelling","prob","urban"
"T1","Image-based urban modelling","prob","data"
"T1","Image-based urban modelling","prob","use"
"T1","Image-based urban modelling","prob","generat"
"T1","Image-based urban modelling","prob","train"
"T1","Image-based urban modelling","prob","dataset"
"T1","Image-based urban modelling","prob","method"
"T1","Image-based urban modelling","prob","result"
"T1","Image-based urban modelling","prob","segment"
"T1","Image-based urban modelling","prob","featur"
"T1","Image-based urban modelling","prob","build"
"T1","Image-based urban modelling","prob","network"
"T1","Image-based urban modelling","prob","learn"
"T1","Image-based urban modelling","prob","street"
"T1","Image-based urban modelling","prob","process"
"T1","Image-based urban modelling","prob","propos"
"T1","Image-based urban modelling","prob","accuraci"
"T1","Image-based urban modelling","prob","layer"
"T1","Image-based urban modelling","frex","cubixel"
"T1","Image-based urban modelling","frex","gep"
"T1","Image-based urban modelling","frex","dwt"
"T1","Image-based urban modelling","frex","vov"
"T1","Image-based urban modelling","frex","w-gp"
"T1","Image-based urban modelling","frex","hybrid"
"T1","Image-based urban modelling","frex","cubixel-bas"
"T1","Image-based urban modelling","frex","hsvcubixel"
"T1","Image-based urban modelling","frex","layer"
"T1","Image-based urban modelling","frex","adversari"
"T1","Image-based urban modelling","frex","segment"
"T1","Image-based urban modelling","frex","wavelet"
"T1","Image-based urban modelling","frex","w-gep"
"T1","Image-based urban modelling","frex","imit"
"T1","Image-based urban modelling","frex","counterfactu"
"T1","Image-based urban modelling","frex","pseudocod"
"T1","Image-based urban modelling","frex","unet"
"T1","Image-based urban modelling","frex","gan"
"T1","Image-based urban modelling","frex","nse"
"T1","Image-based urban modelling","frex","upsampl"
"T2","Urban design and affective/generative space","prob","design"
"T2","Urban design and affective/generative space","prob","urban"
"T2","Urban design and affective/generative space","prob","space"
"T2","Urban design and affective/generative space","prob","emot"
"T2","Urban design and affective/generative space","prob","generat"
"T2","Urban design and affective/generative space","prob","model"
"T2","Urban design and affective/generative space","prob","data"
"T2","Urban design and affective/generative space","prob","use"
"T2","Urban design and affective/generative space","prob","figur"
"T2","Urban design and affective/generative space","prob","process"
"T2","Urban design and affective/generative space","prob","crossref"
"T2","Urban design and affective/generative space","prob","plan"
"T2","Urban design and affective/generative space","prob","build"
"T2","Urban design and affective/generative space","prob","comput"
"T2","Urban design and affective/generative space","prob","environ"
"T2","Urban design and affective/generative space","prob","method"
"T2","Urban design and affective/generative space","prob","public"
"T2","Urban design and affective/generative space","prob","evalu"
"T2","Urban design and affective/generative space","prob","result"
"T2","Urban design and affective/generative space","prob","visual"
"T2","Urban design and affective/generative space","frex","homeless"
"T2","Urban design and affective/generative space","frex","scd"
"T2","Urban design and affective/generative space","frex","rst"
"T2","Urban design and affective/generative space","frex","urban-gan"
"T2","Urban design and affective/generative space","frex","pso-svr"
"T2","Urban design and affective/generative space","frex","salienc"
"T2","Urban design and affective/generative space","frex","topic"
"T2","Urban design and affective/generative space","frex","skid"
"T2","Urban design and affective/generative space","frex","feedback"
"T2","Urban design and affective/generative space","frex","attach"
"T2","Urban design and affective/generative space","frex","emot"
"T2","Urban design and affective/generative space","frex","design"
"T2","Urban design and affective/generative space","frex","re-design"
"T2","Urban design and affective/generative space","frex","lora"
"T2","Urban design and affective/generative space","frex","sign"
"T2","Urban design and affective/generative space","frex","post-war"
"T2","Urban design and affective/generative space","frex","plural"
"T2","Urban design and affective/generative space","frex","amen"
"T2","Urban design and affective/generative space","frex","vital"
"T2","Urban design and affective/generative space","frex","users’"
"T3","Urban clustering and built-form modelling","prob","cluster"
"T3","Urban clustering and built-form modelling","prob","urban"
"T3","Urban clustering and built-form modelling","prob","model"
"T3","Urban clustering and built-form modelling","prob","data"
"T3","Urban clustering and built-form modelling","prob","build"
"T3","Urban clustering and built-form modelling","prob","citi"
"T3","Urban clustering and built-form modelling","prob","parcel"
"T3","Urban clustering and built-form modelling","prob","type"
"T3","Urban clustering and built-form modelling","prob","shape"
"T3","Urban clustering and built-form modelling","prob","use"
"T3","Urban clustering and built-form modelling","prob","road"
"T3","Urban clustering and built-form modelling","prob","featur"
"T3","Urban clustering and built-form modelling","prob","imag"
"T3","Urban clustering and built-form modelling","prob","result"
"T3","Urban clustering and built-form modelling","prob","studi"
"T3","Urban clustering and built-form modelling","prob","learn"
"T3","Urban clustering and built-form modelling","prob","area"
"T3","Urban clustering and built-form modelling","prob","street"
"T3","Urban clustering and built-form modelling","prob","complex"
"T3","Urban clustering and built-form modelling","prob","block"
"T3","Urban clustering and built-form modelling","frex","avocado"
"T3","Urban clustering and built-form modelling","frex","potato"
"T3","Urban clustering and built-form modelling","frex","trapezoid"
"T3","Urban clustering and built-form modelling","frex","parcel"
"T3","Urban clustering and built-form modelling","frex","sti"
"T3","Urban clustering and built-form modelling","frex","fatal"
"T3","Urban clustering and built-form modelling","frex","k-mean"
"T3","Urban clustering and built-form modelling","frex","cluster"
"T3","Urban clustering and built-form modelling","frex","apart"
"T3","Urban clustering and built-form modelling","frex","irregular"
"T3","Urban clustering and built-form modelling","frex","esm"
"T3","Urban clustering and built-form modelling","frex","ncluster"
"T3","Urban clustering and built-form modelling","frex","taipei"
"T3","Urban clustering and built-form modelling","frex","stick"
"T3","Urban clustering and built-form modelling","frex","shape"
"T3","Urban clustering and built-form modelling","frex","l-shape"
"T3","Urban clustering and built-form modelling","frex","crash"
"T3","Urban clustering and built-form modelling","frex","telecom"
"T3","Urban clustering and built-form modelling","frex","block"
"T3","Urban clustering and built-form modelling","frex","gmm"
"T4","Urban vegetation mapping from LiDAR/point-cloud data","prob","urban"
"T4","Urban vegetation mapping from LiDAR/point-cloud data","prob","point"
"T4","Urban vegetation mapping from LiDAR/point-cloud data","prob","data"
"T4","Urban vegetation mapping from LiDAR/point-cloud data","prob","use"
"T4","Urban vegetation mapping from LiDAR/point-cloud data","prob","veget"
"T4","Urban vegetation mapping from LiDAR/point-cloud data","prob","tree"
"T4","Urban vegetation mapping from LiDAR/point-cloud data","prob","build"
"T4","Urban vegetation mapping from LiDAR/point-cloud data","prob","imag"
"T4","Urban vegetation mapping from LiDAR/point-cloud data","prob","cloud"
"T4","Urban vegetation mapping from LiDAR/point-cloud data","prob","approach"
"T4","Urban vegetation mapping from LiDAR/point-cloud data","prob","area"
"T4","Urban vegetation mapping from LiDAR/point-cloud data","prob","street"
"T4","Urban vegetation mapping from LiDAR/point-cloud data","prob","citi"
"T4","Urban vegetation mapping from LiDAR/point-cloud data","prob","visual"
"T4","Urban vegetation mapping from LiDAR/point-cloud data","prob","plant"
"T4","Urban vegetation mapping from LiDAR/point-cloud data","prob","spatial"
"T4","Urban vegetation mapping from LiDAR/point-cloud data","prob","model"
"T4","Urban vegetation mapping from LiDAR/point-cloud data","prob","map"
"T4","Urban vegetation mapping from LiDAR/point-cloud data","prob","landscap"
"T4","Urban vegetation mapping from LiDAR/point-cloud data","prob","histor"
"T4","Urban vegetation mapping from LiDAR/point-cloud data","frex","transect"
"T4","Urban vegetation mapping from LiDAR/point-cloud data","frex","ncs"
"T4","Urban vegetation mapping from LiDAR/point-cloud data","frex","spvi"
"T4","Urban vegetation mapping from LiDAR/point-cloud data","frex","mls"
"T4","Urban vegetation mapping from LiDAR/point-cloud data","frex","fangzhou"
"T4","Urban vegetation mapping from LiDAR/point-cloud data","frex","mlt"
"T4","Urban vegetation mapping from LiDAR/point-cloud data","frex","cloud"
"T4","Urban vegetation mapping from LiDAR/point-cloud data","frex","lcz"
"T4","Urban vegetation mapping from LiDAR/point-cloud data","frex","veget"
"T4","Urban vegetation mapping from LiDAR/point-cloud data","frex","plant"
"T4","Urban vegetation mapping from LiDAR/point-cloud data","frex","bsf"
"T4","Urban vegetation mapping from LiDAR/point-cloud data","frex","rough"
"T4","Urban vegetation mapping from LiDAR/point-cloud data","frex","season"
"T4","Urban vegetation mapping from LiDAR/point-cloud data","frex","isf"
"T4","Urban vegetation mapping from LiDAR/point-cloud data","frex","psf"
"T4","Urban vegetation mapping from LiDAR/point-cloud data","frex","ancient"
"T4","Urban vegetation mapping from LiDAR/point-cloud data","frex","brisotto"
"T4","Urban vegetation mapping from LiDAR/point-cloud data","frex","speci"
"T4","Urban vegetation mapping from LiDAR/point-cloud data","frex","blossom"
"T4","Urban vegetation mapping from LiDAR/point-cloud data","frex","carla"
"T5","Urban network prediction modelling","prob","model"
"T5","Urban network prediction modelling","prob","network"
"T5","Urban network prediction modelling","prob","predict"
"T5","Urban network prediction modelling","prob","urban"
"T5","Urban network prediction modelling","prob","citi"
"T5","Urban network prediction modelling","prob","use"
"T5","Urban network prediction modelling","prob","data"
"T5","Urban network prediction modelling","prob","locat"
"T5","Urban network prediction modelling","prob","spatial"
"T5","Urban network prediction modelling","prob","area"
"T5","Urban network prediction modelling","prob","featur"
"T5","Urban network prediction modelling","prob","result"
"T5","Urban network prediction modelling","prob","differ"
"T5","Urban network prediction modelling","prob","learn"
"T5","Urban network prediction modelling","prob","neural"
"T5","Urban network prediction modelling","prob","train"
"T5","Urban network prediction modelling","prob","node"
"T5","Urban network prediction modelling","prob","choic"
"T5","Urban network prediction modelling","prob","represent"
"T5","Urban network prediction modelling","prob","perform"
"T5","Urban network prediction modelling","frex","prostitut"
"T5","Urban network prediction modelling","frex","chip"
"T5","Urban network prediction modelling","frex","airbnb"
"T5","Urban network prediction modelling","frex","traffick"
"T5","Urban network prediction modelling","frex","acc"
"T5","Urban network prediction modelling","frex","sub-path"
"T5","Urban network prediction modelling","frex","k-neighbor"
"T5","Urban network prediction modelling","frex","sex"
"T5","Urban network prediction modelling","frex","signatur"
"T5","Urban network prediction modelling","frex","decrimin"
"T5","Urban network prediction modelling","frex","arrest"
"T5","Urban network prediction modelling","frex","--routin"
"T5","Urban network prediction modelling","frex","crime"
"T5","Urban network prediction modelling","frex","gsv-bsv"
"T5","Urban network prediction modelling","frex","mode-dur"
"T5","Urban network prediction modelling","frex","price"
"T5","Urban network prediction modelling","frex","victim"
"T5","Urban network prediction modelling","frex","trip"
"T5","Urban network prediction modelling","frex","cbg"
"T5","Urban network prediction modelling","frex","travel"
"T6","Urban landscape indicators and modelling","prob","landscap"
"T6","Urban landscape indicators and modelling","prob","urban"
"T6","Urban landscape indicators and modelling","prob","model"
"T6","Urban landscape indicators and modelling","prob","indic"
"T6","Urban landscape indicators and modelling","prob","area"
"T6","Urban landscape indicators and modelling","prob","valu"
"T6","Urban landscape indicators and modelling","prob","build"
"T6","Urban landscape indicators and modelling","prob","data"
"T6","Urban landscape indicators and modelling","prob","citi"
"T6","Urban landscape indicators and modelling","prob","use"
"T6","Urban landscape indicators and modelling","prob","space"
"T6","Urban landscape indicators and modelling","prob","featur"
"T6","Urban landscape indicators and modelling","prob","green"
"T6","Urban landscape indicators and modelling","prob","qualiti"
"T6","Urban landscape indicators and modelling","prob","differ"
"T6","Urban landscape indicators and modelling","prob","environ"
"T6","Urban landscape indicators and modelling","prob","factor"
"T6","Urban landscape indicators and modelling","prob","spatial"
"T6","Urban landscape indicators and modelling","prob","soundscap"
"T6","Urban landscape indicators and modelling","prob","percept"
"T6","Urban landscape indicators and modelling","frex","largo"
"T6","Urban landscape indicators and modelling","frex","uld"
"T6","Urban landscape indicators and modelling","frex","sturla"
"T6","Urban landscape indicators and modelling","frex","macau’"
"T6","Urban landscape indicators and modelling","frex","wikipedia"
"T6","Urban landscape indicators and modelling","frex","laeq"
"T6","Urban landscape indicators and modelling","frex","perugia"
"T6","Urban landscape indicators and modelling","frex","igi"
"T6","Urban landscape indicators and modelling","frex","oslo"
"T6","Urban landscape indicators and modelling","frex","soundscap"
"T6","Urban landscape indicators and modelling","frex","rua"
"T6","Urban landscape indicators and modelling","frex","segreg"
"T6","Urban landscape indicators and modelling","frex","macau"
"T6","Urban landscape indicators and modelling","frex","bvf"
"T6","Urban landscape indicators and modelling","frex","colina"
"T6","Urban landscape indicators and modelling","frex","satisfact"
"T6","Urban landscape indicators and modelling","frex","immigr"
"T6","Urban landscape indicators and modelling","frex","landscap"
"T6","Urban landscape indicators and modelling","frex","kremer"
"T6","Urban landscape indicators and modelling","frex","july-septemb"
"T7","Urban land-use and public-space analytics","prob","urban"
"T7","Urban land-use and public-space analytics","prob","use"
"T7","Urban land-use and public-space analytics","prob","data"
"T7","Urban land-use and public-space analytics","prob","environ"
"T7","Urban land-use and public-space analytics","prob","public"
"T7","Urban land-use and public-space analytics","prob","design"
"T7","Urban land-use and public-space analytics","prob","area"
"T7","Urban land-use and public-space analytics","prob","palm"
"T7","Urban land-use and public-space analytics","prob","pollut"
"T7","Urban land-use and public-space analytics","prob","indic"
"T7","Urban land-use and public-space analytics","prob","spatial"
"T7","Urban land-use and public-space analytics","prob","respons"
"T7","Urban land-use and public-space analytics","prob","citi"
"T7","Urban land-use and public-space analytics","prob","stress"
"T7","Urban land-use and public-space analytics","prob","activ"
"T7","Urban land-use and public-space analytics","prob","detect"
"T7","Urban land-use and public-space analytics","prob","infest"
"T7","Urban land-use and public-space analytics","prob","space"
"T7","Urban land-use and public-space analytics","prob","high"
"T7","Urban land-use and public-space analytics","prob","level"
"T7","Urban land-use and public-space analytics","frex","infest"
"T7","Urban land-use and public-space analytics","frex","rpw"
"T7","Urban land-use and public-space analytics","frex","granger"
"T7","Urban land-use and public-space analytics","frex","non-stress"
"T7","Urban land-use and public-space analytics","frex","beltlin"
"T7","Urban land-use and public-space analytics","frex","palm"
"T7","Urban land-use and public-space analytics","frex","sdss"
"T7","Urban land-use and public-space analytics","frex","pollut"
"T7","Urban land-use and public-space analytics","frex","stress"
"T7","Urban land-use and public-space analytics","frex","isovist"
"T7","Urban land-use and public-space analytics","frex","quito"
"T7","Urban land-use and public-space analytics","frex","visuospati"
"T7","Urban land-use and public-space analytics","frex","art"
"T7","Urban land-use and public-space analytics","frex","physiolog"
"T7","Urban land-use and public-space analytics","frex","artwork"
"T7","Urban land-use and public-space analytics","frex","causal"
"T7","Urban land-use and public-space analytics","frex","passersbi"
"T7","Urban land-use and public-space analytics","frex","pontikako"
"T7","Urban land-use and public-space analytics","frex","carapungo"
"T7","Urban land-use and public-space analytics","frex","older"
"T8","Street-view imagery for urban environmental analysis","prob","urban"
"T8","Street-view imagery for urban environmental analysis","prob","imag"
"T8","Street-view imagery for urban environmental analysis","prob","model"
"T8","Street-view imagery for urban environmental analysis","prob","street"
"T8","Street-view imagery for urban environmental analysis","prob","environ"
"T8","Street-view imagery for urban environmental analysis","prob","citi"
"T8","Street-view imagery for urban environmental analysis","prob","visual"
"T8","Street-view imagery for urban environmental analysis","prob","use"
"T8","Street-view imagery for urban environmental analysis","prob","percept"
"T8","Street-view imagery for urban environmental analysis","prob","color"
"T8","Street-view imagery for urban environmental analysis","prob","data"
"T8","Street-view imagery for urban environmental analysis","prob","featur"
"T8","Street-view imagery for urban environmental analysis","prob","view"
"T8","Street-view imagery for urban environmental analysis","prob","area"
"T8","Street-view imagery for urban environmental analysis","prob","plan"
"T8","Street-view imagery for urban environmental analysis","prob","emot"
"T8","Street-view imagery for urban environmental analysis","prob","streetscap"
"T8","Street-view imagery for urban environmental analysis","prob","design"
"T8","Street-view imagery for urban environmental analysis","prob","learn"
"T8","Street-view imagery for urban environmental analysis","prob","space"
"T8","Street-view imagery for urban environmental analysis","frex","vata"
"T8","Street-view imagery for urban environmental analysis","frex","vap"
"T8","Street-view imagery for urban environmental analysis","frex","model-"
"T8","Street-view imagery for urban environmental analysis","frex","otc"
"T8","Street-view imagery for urban environmental analysis","frex","vpi"
"T8","Street-view imagery for urban environmental analysis","frex","vpis"
"T8","Street-view imagery for urban environmental analysis","frex","svi"
"T8","Street-view imagery for urban environmental analysis","frex","sprawl"
"T8","Street-view imagery for urban environmental analysis","frex","streetscap"
"T8","Street-view imagery for urban environmental analysis","frex","wealthi"
"T8","Street-view imagery for urban environmental analysis","frex","vgr"
"T8","Street-view imagery for urban environmental analysis","frex","neuroemot"
"T8","Street-view imagery for urban environmental analysis","frex","nighttim"
"T8","Street-view imagery for urban environmental analysis","frex","usi"
"T8","Street-view imagery for urban environmental analysis","frex","svis"
"T8","Street-view imagery for urban environmental analysis","frex","thermal"
"T8","Street-view imagery for urban environmental analysis","frex","beauti"
"T8","Street-view imagery for urban environmental analysis","frex","afford"
"T8","Street-view imagery for urban environmental analysis","frex","enrm"
"T8","Street-view imagery for urban environmental analysis","frex","vapss"
